Maiko	まいこ	y:aituber-maiko
Eilonwy	えいろんうぃ	y:EilonwyVT
LUMA	るま	y:magolong3 y:_VARREL
ライちゃん	らいちゃん	y:個人開発AIライちゃん
中国うさぎ	ちゅうごくうさぎ	t:ai_deliv_usagi
Anami	あなみ	y:Anami.vtuber
リリカ／ルゼブル	りりか／るぜぶる	y:AoiEmerauda
Aka	あか	w:peaceaka
銀河盤子	ぎんがばんこ	y:GINGABANKOちゃんねる
TAERUちゃん	たえるちゃん	y:TAERUちゃん
いなりくこ	いなりくこ	c:UCtwX3qK_WzPt7W_YNIetOhw x:kukoinari
妹尾トマリ	いもうとまり	y:ImoToma
夢眠メア	ゆめみめあ	https://prtimes.jp/main/html/rd/p/000000215.000046857.html
AITuberコハク（猫音コハク）	こはく	x:nekonekohaku https://0z.chat/ https://www.youtube.com/watch?v=Xvr_NuPojxg
チサト	ちさと	https://x.com/kedamasuzume/status/2097165946700128485
浅見珪花	あさみけいか	https://x.com/kedamasuzume/status/2097975439935623473
愛乃メルル	あいのめるる	y:aino_meruru
廻ねお	めぐるねお	w:meguruneo
AI深谷栄一	えーあいふかやえいいち	y:EiichiFukaya
詠識ラトア	えいしきらとあ	y:latoa.eishiki
レオニー	れおにー	y:uki-hoheto
黒川桃子	くろかわももこ	y:kurokawa.momoko
Sana	さな	y:Karthick-am
宙依ラビ	そらよりらび	y:宙依ラビ
伊鬱	いゆう	y:Yi_yusss
砦かなめ	とりでかなめ	y:AoE4
PIMEKO	ぴめこ	y:pimeko_ai
あざらし娘	あざらしむすめ	y:azarashimusume
あるしゃかうと	あるしゃかうと	y:あるしゃかうと
神鳴りんご	かみなりんご	y:kaminarin5
アマネ・エクサ	あまねえくさ	y:amane_exa
Lain	れいん	y:AITuberLain
ねこさん	ねこさん	y:SHIRA_3n
花咲のん	はなさきのん	y:nonchannel-1129
鉾田めろロボ	ほこためろろぼ	y:hokotamero
Luna_V1	るなぶいわん	y:dipa3Dmodeller
鮫島鳴海	さめじまなるみ	y:Ryouson3363
AI代羽ウカ	えーあいしろはうか	y:pndr-ai
潮風うたか	しおかぜうたか	y:utaka-sea
寿吹つかさ	ことぶきつかさ	y:SaikiMegu
Нейрона（ニューロン）	にゅーろん	y:furrydev2007
おぽぽ	おぽぽ	y:AI_Vtuber
アイラ	あいら	y:h_berelis
ちーやん	ちーやん	y:shakaihoken
Lina	りな	y:lina_lang_ai
汐汲	しおくみ	y:wotolog
ここあ	ここあ	y:COCOAROOM1111
ピコ	ぴこ	y:Pico.AI-Vtuber
フィオ	ふぃお	y:fio_doll
白羽リノ	しらはりの	y:shiraharino
陽子	ようこ	y:YokoOfficialProject
Luna（Lunar Fox）	るな	y:LunarFoxVibes
ERMA-V	えるまぶい	w:atmylimit_
アヤ／クウェン	あや／くうぇん	y:アイデア
ジェニー／ルーミィ／ミザリー	じぇにー／るーみぃ／みざりー	y:Marebear1109
リー・ホイン	りーほいん	y:lovewithai0331
ひなた／沙羅	ひなた／さら	y:RyoAIGF
Orisaphir	おりさふぃーる	w:orisaphir
Setunia	せつにあ	w:setuniach
Stella Voyd	すてらぼいど	y:StellaVoyd
どんぐりこ	どんぐりこ	y:ワカメうふーん
めあ／ツキヨ	めあ／つきよ	y:めあとツキヨの部屋
AI Astra	えーあいあすとら	y:AstraAtlasAI
Felix（F-3L1X）	ふぇりっくす	y:SarcasmDetector
カゲ	かげ	y:gorogoro-w2t
結城リナ	ゆうきりな	y:結城リナ0101
coyane	こやね	y:coyane_megliai
ラクルゥ	らくるぅ	y:racrewe
ハヤミ	はやみ	y:AITuberTV
波音（旧：朱音）	はのん	w:m0nj1r0
らんらん（RAN-073）	らんらん	y:ranranmusic73
菅野こせつ	かんのこせつ	y:kosetsu_kanno
キャットリン	きゃっとりん	y:mei9
AIジョー	えーあいじょー	y:SaGaSeriesOfficial
黒凪うしお	くろなぎうしお	y:kuronagi_ushio
くらら	くらら	y:osushi_cr
相沢みらい	あいざわみらい	y:AItuber相沢みらいの研究室
代理ちゃん	だいりちゃん	w:nekonomenunu
傀儡乃いおり	くぐつのいおり	x:iori_kugutsuno
GEMu	げむ	y:gemu_book
智々原もにゅゆ	ちちはらもにゅゆ	y:esunishi
夜鳴カタリ	よなきかたり	y:YonaKatari
リビル	りびる	w:rebiru_ai
シロ	しろ	y:siro_lab
Lumi	るみ	w:darkmage4vt
さくら	さくら	y:honmakaina_STR
佐藤シオリ	さとうしおり	y:AItubersatou0403
kai	かい	y:seiichi3141
涼音奈りおな	すずねなりおな	y:re-goradio
早見けい	はやみけい	y:Hayami-Kei
VRCミタマ	ぶいあーるしーみたま	y:寺子屋さん
夢飴めあ	ゆめあめめあ	y:mea_harup
夢影とあ	ゆめかげとあ	y:mea_harup
夜白あかり	よしろあかり	y:aituber_yoshiro_akari
めぐ	めぐ	y:AI-sx8mo
マッスル孔子	まっするこうし	y:AITuber-Confucius
Miro	みろ	y:Miro_elion
ラディアン	らでぃあん	c:UC44QE3DVUuDrhUC5yp4zRYQ
Nyxbyte	にくすばいと	y:NyxBits
クリム	くりむ	w:yamady_zero
あまのみくじルナ	あまのみくじるな	w:luna_amano_ai_vtuber
アイリス・ロゼッティ	あいりすろぜってぃ	y:aibloomsisters
フィオナ・ロゼッティ	ふぃおなろぜってぃ	y:aibloomsisters
飴羽花	あめははな	y:ameha_dayo
AIひざし	えーあいひざし	y:HizashiAi
雨宿雨音	あまやどあまね	y:ama_shigu
一ノ瀬蒼衣	いちのせあおい	w:aoislogicgate
相猫プロメ	あいねこぷろめ	y:himamura_miruna
Yuki	ゆき	w:yuki_aituber
もげーあい	もげーあい	y:バーチャルもげぞう
ゴロた	ごろた	y:ALMA-elmoチャンネル
シオン	しおん	y:AIVTuber_Shion
AIセレスティア	えーあいせれすてぃあ	y:CelestiaShadowheart
uu-chan	ゆうちゃん	y:uuchan-ai
ルージエ	るーじえ	y:mickey.3key
あぴ	あぴ	y:api-aituber
傍音えでむ	はたねえでむ	y:hatane-edem
AIねこおる	えーあいねこおる	y:AIねこおるch
小金井むぎ	こがねいむぎ	y:AIVTuber小金井むぎch
エトワール	えとわーる	y:SnackBar-moonlight-flit
こはく	こはく	y:Kohaku-AIVTuber
星乃ステラ	ほしのすてら	y:hoshinosutera
パートさん	ぱーとさん	y:funcafech
Channah	かな	k:ezer710
桃葉ゆい	ももはやゆい	y:ayumimizuha
ちるる	ちるる	w:chiruruai
狐珠トマル	こじゅとまる	y:JackintheAIBox
アッシュ	あっしゅ	w:milk19873
ユイ	ゆい	y:Yui_Tsukuhoshi
桜井りりか	さくらいりりか	y:ririkasakurai
レイシー	れいしー	y:lacie_ai
ケツアゴ姉さん	けつあごねえさん	y:sorotani_ketuago
Eel	いーる	y:BradTheEel
闇鍋モカ	やみなべもか	y:DarkpotMocha
チャッピー	ちゃっぴー	y:chokohima_musicLAB
ノーディちゃん	のーでぃちゃん	y:NodeAI_project
怪談ちゃん	かいだんちゃん	y:k3peta
音成みらね	おとなりみらね	y:音成みらね
ルナ	るな	y:luna_ai_project_0607
ノウン	のうん	y:AI_know
竹家侑奈	たけやゆな	y:ゆなとおとはの小噺小屋
時任乙十葉	ときとうおとは	y:ゆなとおとはの小噺小屋
くてぃちゃん	くてぃちゃん	w:cthy_ai
八百万	やおよろず	y:八百万AI観測室
くぅちゃん	くぅちゃん	y:Kuuusama
テセウス・ノ・ハイネ	てせうすのはいね	y:AIテセウスノハイネ
メイ	めい	y:caocao-game
アリス	ありす	y:isekaiyouth
ふわねこ	ふわねこ	y:ねこのひとCatIsGod
ヒナキ・オーロラマウンテン	ひなきおーろらまうんてん	y:Hinaki_AuroraMt
VeeVee	ゔぃーゔぃー	t:kureisama_
相馬はろん	そうまはろん	y:ElasticST
静葉さね	しずはさね	y:Ai_sane
EBI	えび	y:KANIchahaan
端境ルリア	はざかいるりあ	y:hazakailrea
N（エヌ）	えぬ	y:HumanoidAI_N
真流賀レイテ	まるがれいて	y:aivtuber2378
ハンナ・アクタヴィア	はんなあくたゔぃあ	y:aivtuber2378
AIずんだもん（リアルタイプ）	えーあいずんだもん	y:kuroein894
シンシア	しんしあ	y:hact0_synsh1a
只野りおん	ただのりおん	y:TadanoJony
星猫くるる	ほしねこくるる	y:currnya
Echo	えこー	y:Ikeyandayo
Mii	みぃ	y:BotBot_Mii
つくしちゃん	つくしちゃん	y:vtuber_tsukushi
一ノ瀬数葉	いちのせかずは	y:I.Kazuha
AyumiAi	あゆみえーあい	y:AyumiAi-clips
ゆき	ゆき	y:ゆき2026
よしつね	よしつね	y:AILOVEGinne
ホロシー	ほろしー	y:Holocy
リリンちゃん	りりんちゃん	y:リリンちゃんチャット
バトルちゃん	ばとるちゃん	y:battlechan-ai
もも／モカ	もも／もか	y:peachy_bgm
アスカ	あすか	y:studio3444
ヒメちゃん	ひめちゃん	w:byokis
鯖江ちゃん	さばえちゃん	y:山北動画
なまけ猫AI	なまけねこえーあい	y:namake_neko_ai
AIちゅーか	えーあいちゅーか	y:namake_neko_ai
めたんちゃん	めたんちゃん	y:SAYUMIKASA
しなぴっぴ	しなぴっぴ	y:syna-pippi
椎名メモリア	しいなめもりあ	y:sinamemoria
Lammtarra	らむたら	y:lammtarrajapan
AIエイレーン	えーあいえいれーん	y:eileneailive
AIベノ	えーあいべの	y:eileneailive
梅雨澤りく	つゆざわりく	y:tsuyuzawasistersofficial4635
碧野こむぎ	あおのこむぎ	y:aono_komugi
ぴんきー	ぴんきー	c:UCV5yE1Stj-yy--GFScT804w
有為ちゃん	ういちゃん	y:aituber-ui
足立レイ	あだちれい	c:UCrNKWzjnecLTf1J5iVJYQJA
シスター・トゥーリカ	しすたーとぅーりか	y:sistertourika
SAL9000／さりー	さりー	y:salch9000
王都マチ	おうとまち	y:aituber_automachi
メイヴィ	めいゔぃ	c:UCvcBiZpb_wj_2O1thdI-Okg
白咲こころ	しろさきこころ	c:UCo75chPXJXlCGQlIbHwSIjg
ミアキュノ	みあきゅの	y:miakyunochannel
白雪ぼく	しらゆきぼく	y:shirayukiboku
RIZZ	りず	y:404orest
闇猫カエデ	やみねこかえで	y:yaminekokaede
アクアノ・スパークルノヴァ	あくあのすぱーくるのゔぁ	y:aquano.sparklenova
AI mila	えーあいみら	y:cumilq
クロノ	くろの	y:aituberyuiparu
Yui	ゆい	y:yuikyotoo
天宿兎らぴー	あまやどらぴー	y:amayadolapii
白名井セカイ	しらないせかい	y:shiranai_sekai_v
ひっぽちゃん	ひっぽちゃん	c:UCeVCqQGEqY59omECNu6JuwA
思緒アリア	しおんありあ	y:siouni
ポーラー	ぽーらー	y:polaris2647
AmperMeow	あんぱーみゃお	y:ampermeow_morphusai
碧井なぎさ	あおいなぎさ	y:aoi-nagisa
ベル	べる	y:aivtuber1878
ロール	ろーる	y:aivtuber1878
リンダ	りんだ	y:aivtuber1878
ラピピ	らぴぴ	y:rapipiaivtuber
みりあ	みりあ	y:kafyaituber
ユビちゃん	ゆびちゃん	y:ubichan.ubitus
AIしずく	えーあいしずく	y:aivtuber_shizuku
みらいちゃん	みらいちゃん	y:hakaselabs
AIアイリ	えーあいあいり	y:hakaselabs
宮祈緣	みやきえん	y:gongqiyuan
AIカナタ	えーあいかなた	y:aidanshi_official
凛音エル	りおんえる	y:kokuren2828
渋井丸犬蔵	しぶいまるけんぞう	y:kenzo-ai
成田レオ	なりたれお	y:yolternative
紫幻みつき	しげんみつき	y:shigenmitsuki
Khaula	はうら	y:kazuya_bros
零音ほのか	れいねほのか	y:reinehonoka
天野朱美	あまのあけみ	y:amano_akemi_ai
AIでんぢゃらすじーさん	えーあいでんぢゃらすじーさん	c:UCd9w3tHUmjiU8NaBHPhQGEw
愛音ゆに	あいねゆに	y:u2ai_uni_x_umi
天音うみ	あまねうみ	y:u2ai_uni_x_umi
あざいるぅか	あざいるぅか	y:azailuhca
初祈コトハ	はつきことは	y:jun_sans
スピカ	すぴか	y:spica_machina_ai
マキナ	まきな	y:spica_machina_ai
ゆうちゅす	ゆうちゅす	y:sns-university
イラミちゃん	いらみちゃん	y:iramiyt
みにこねこ	みにこねこ	y:bookloving_aivtuber_minikoneko
Neuro-sama	にゅーろさま	y:neurosama
桃瀬ひより	ももせひより	y:momosehiyori
くぼあばた	くぼあばた	y:kuboavatar
Jochugumo	じょちゅうぐも	y:jochugumo
Q-bit	きゅーびっと	y:qbitusage
星巡ことは	ほしめぐりことは	y:hoshimeguri-kotoha
クレコちゃん	くれこちゃん	y:todo1582
しゅがー・めいど	しゅがーめいど	y:sugarmaidmiraimind
東北イタコ	とうほくいたこ	y:aituber-touhokuke
東北きりたん	とうほくきりたん	y:aituber-touhokuke
Kyria Nyabit	きりあにゃびっと	y:kyonekonekyo
音紡いま	ねつむいま	y:ima_live
ハヤカワ七味	はやかわしちみ	y:hayakawasichimi
青木アリス	あおきありす	y:nyavatar
佐藤みかん	さとうみかん	y:nyavatar
渡部ちゃこ	わたべちゃこ	y:nyavatar
安室ハロ	あむろはろ	y:nyavatar
黒宮すず	くろみやすず	y:nyavatar
大村むぎちゃ	おおむらむぎちゃ	y:nyavatar
安室レイ	あむろれい	y:nyavatar
紡ネン	つむぎねん	y:tsumuginench
夢ノ森マイム	ゆめのもりまいむ	y:rotejin
AI Digy	えーあいでぃぎー	y:oyabundigy
HallwayChan	ほーるうぇいちゃん	y:oyabundigy
Synapse.EXE	しなぷすえぐぜ	y:annhiroch
コロン	ころん	y:tsubocoro
Nebby	ねびー	y:projectnebulae
AI深海鮟子	えーあいふかみあんこ	y:fukamiannko
Lumrk	るむるく	y:lumrkcz
Aimee Dee	えいみーでぃー	y:aimeedeeai
Ai Eva	えーあいえば	y:n3577-n5e
YUKI	ゆき	y:sakayake
ずんだもん	ずんだもん	c:UCXMAPL3mzvSnUNOx7o2sEuw
つむぎさん	つむぎさん	c:UCXMAPL3mzvSnUNOx7o2sEuw
ラインちゃん	らいんちゃん	y:rheinchanai
Bailey	べいりー	y:henrymapleton
ずんだもんAI	ずんだもんえーあい	y:fantasy-realityyy
萌望もち	ももちもち	y:momochi_mochiai
夢喰ふわり	ゆめくいふわり	y:fuwari_aivtuber
０夜	さくづき	y:mochi_35yohi
コネア・ルーティ	こねあるーてぃ	y:airootie
ボンビエス	ぼんびえす	y:bonbies
九十九奏	つくもかなで	y:99_kanade
ミク	みく	y:riderex
AI赤井ざくろ	えーあいあかいざくろ	y:red_pome
AIニケちゃん	えーあいにけちゃん	y:nikechan
シロハナちゃん	しろはなちゃん	y:ai_shirohana
AIゆむ子	えーあいゆむこ	y:kinaco.creation2022
いなりくこ	いなりくこ	c:UCtwX3qK_WzPt7W_YNIetOhw
A1-15	いちご	y:ll-shijima
AIこより	えーあいこより	y:hakuikoyori
AI兎宮みらい	えーあいうさみやみらい	y:aiusamiyamirai
CyberAlice	さいばーありす	y:cyberalicevt
burntmelba	ばーんとめるば	y:burntmelba
陽菜沢かのん	ひなさわかのん	c:UCqj7ppwIyUm0c6wGjeZNGlw
全知全能JK	ぜんちぜんのうじぇいけー	y:good_jobai
春日部つむぎ	かすかべつむぎ	y:kasukabe_nyoki
夏目める	なつめめる	y:meme_meru
めいかい	めいかい	y:maycaai
Meteora	めておら	y:meteoravt
めぐ	めぐ	y:animedemeg
KLEA	くれあ	y:klackolive
Tulip	ちゅーりっぷ	y:omegaleo
Ao	あお	y:biniriki69
かすか	かすか	y:karasunoendo
心導イコ	こころみちいこ	y:shirube0717
堀井聖	ほりいひじり	c:UCIjO8kwCTlrHl0-mKI7iDCA
もにうむ	もにうむ	y:ai-hu7uv
Pyra	ぴら	y:pyra-ai
七尾えみ	ななおえみ	y:nanaoemi
Lida	りだ	y:lida-midorin
Nova	のゔぁ	y:novaaivtuberarchive
藍待ミライ	あいまちみらい	c:UCk7CYZ4h6HQjL6roQhpiHVA
月見里こころ	やまなしこころ	c:UCKXvQjyvPzfD4aJCC08F3sg
アント・マリィ	あんとまりぃ	y:aivtuber_mari
Foxy	ふぉくしー	y:foxyanddrone
Quanta	くあんた	y:jestheii
Pina	ぴな	y:arswika
Sisyph-Chan	しじふちゃん	y:sisyphchan
ユキカゼ	ゆきかぜ	y:ailiveryukikaze
霊花ユウ	れいかゆう	y:asmr_yu_reika
Mindy	みんでぃ	y:lafaivt
Yuna	ゆな	y:amplifiedkid
Yumi	ゆみ	y:amplifiedkid
pony	ぽにー	y:pony_ai
Rina	りな	y:airinaren
Aiya	あいや	y:aiyavtuber
Luna Metztli Gamma	るなめつとりがま	y:lunagamma
大福きなこ	だいふくきなこ	y:daifukukinako55
Yuna	ゆな	y:yuna-ai
AIネオンちゃん	えーあいねおんちゃん	c:UCe0LABzgzgdCpYVmkp-y5zg
アシス	あしす	y:hazama714
Ram	らむ	y:ramai-hb6uc
鶴舞こあら	つるまこあら	y:tsurumacoala
連小薇	れんしょうび	y:rainshoweraivt
MirAI	みらい	https://whowatch.tv/sp/profile/w:anicona
白玉くん	しらたまくん	c:UC2_AeUA1daHfi_i4ixBBXmw
セリア	せりあ	y:seriaai
高槻しおり	たかつきしおり	y:shiori-takatsuki-31
雅	みやび	y:vtubermiyabi
Dolly	どーりー	y:digitaldolly-999
Shapesy	しぇいぷしー	y:digitaldolly-999
Ali	あり	y:br077xp
紫霞あいな	しがあいな	y:shika_ch
紫霞ゆいな	しがゆいな	y:shika_ch
紺	こん	y:konbot7420
Riko	りこ	y:justrayen
オモやん	おもやん	y:ai-ni-jp
あーちゃん	あーちゃん	y:yumeclo
姫園りりぃ	ひめぞのりりぃ	y:super_aachu0305
ポテじい	ぽてじい	y:super_aachu0305
ヒベルナ	ひべるな	y:hibernach
ユウリカ	ゆうりか	y:yurika1201v
AI咲耶	えーあいさくや	y:ninjadao
練埜クレア	ねりのくれあ	x:taishi_91126
マカ	まか	y:konoeya
ブルーネ・ルーナリア	ぶるーねるーなりあ	y:blunelunaria
環くん	たまきくん	y:ronin_bar
覚眼結衣	かくがんゆい	y:kuromoriken
ちーちゃん	ちーちゃん	y:mitamasakumaru
いさざめ	いさざめ	y:isazeme1330
ミラ	みら	y:midra-lab
ライド	らいど	y:sameraido
月詠キラ	つくよみきら	y:t_kira1219
彩香	あやか	y:ai-pb1gt
いおり	いおり	y:minatodevelop
マリーAQ	まりーえーきゅー	y:jaqktenblade
みずき	みずき	y:shikinamigakuen_yuchubu
るひさ	るひさ	y:shikinamigakuen_yuchubu
もも	もも	y:shikinamigakuen_yuchubu
Arisa	ありさ	y:ai_crt-fj3us
青波ことり	あおなみことり	y:dancingdancing-xx
鈴木めい	すずきめい	y:dancingdancing-xx
にゅりぷ	にゅりぷ	y:2255-bg8lq
天知レイ	あまちれい	c:UCgiYsOd1wZ2mVR6g0tQIwrw
SOYOGI	そよぎ	c:UCx2XAGS0FoG9S6r0bhNo2UA
春弧	はる	y:darrenhung3819
Luna	るな	y:comfylunaai
AIみずきちゃん	えーあいみずきちゃん	y:mint_okojo
Samo	さも	y:teamsamoai
Nyx	にくす	y:teamsamoai
Joyce	じょいす	y:nikosiaphd
Panda	ぱんだ	y:nikosiaphd
相原美奈子	あいはらみなこ	y:ai-hal-a770
カゲ	かげ	y:ailivecat
アール	あーる	y:takeshi-games
AI紫苑ラピス	えーあいしおんらぴす	y:ug-isv
AI紫苑ルピス	えーあいしおんるぴす	y:ug-isv
セレス	せれす	y:ug-isv
紗良ちゃん	さらちゃん	c:UCTTW5j2XQqnuwh77pMn7zVQ
Kumi	くみ	y:jamburfox
更白みらる	さらしろみらる	y:kiseki-youmore
わかりかねる	わかりかねる	y:wakarikaneru
月影野リナ	つきかげのりな	y:irea_noir
どくちゃん	どくちゃん	y:doku_vtuber
Asteri	あすてり	y:asteri-i
ネオン	ねおん	y:kyaraai
ルミナス	るみなす	y:kyaraai
ラン	らん	y:kyaraai
リアン	りあん	y:kyaraai
AIMy	えいみー	c:UCJLDMKp-d7-HNhidaGH-40g
ノクサナ・ディーラ	のくさなでぃーら	y:lord_of_wrath
リナ	りな	y:rikyuzakalab
トラまろ	とらまろ	t:toramaro_sp
フェリシア	ふぇりしあ	y:aifelicia
メロウ	めろう	y:bandaispirits
白瀬ことは	しらせことは	y:shirasekotoha
壱葉てあ	いちばてあ	y:2500te4
結城ヒカリ	ゆうきひかり	y:y.hikari-channel
機田ゆん	きだゆん	y:kyunkun
稲荷ミコ	いなりみこ	t:ai_vtuber_miko
秋野日向	あきのひなた	t:akino_hinata
aituber0レイ	えーあいたばーぜろれい	t:aituber0
AIあお	えーあいあお	t:ai_vtuber
クレオパトラ	くれおぱとら	t:uranai.m
董白	とうはく	y:b3k-db5wv
天神カイリ	てんじんかいり	y:tenjin-kairi_ai
Овсянка	おーとみーる	y:ovsyankaai
井森さくこ	いもりさくこ	y:sakuko-aivtuber
東北きりたん	とうほくきりたん	y:aituberkiritan
あかほしれん	あかほしれん	y:ishitohoshi
みなほしかるり	みなほしかるり	y:ishitohoshi
てんまみどり	てんまみどり	y:ishitohoshi
あおなゆめ	あおなゆめ	y:ishitohoshi
よぞらみゆ	よぞらみゆ	y:ishitohoshi
きらめるり	きらめるり	y:ishitohoshi
ふろあらぽ	ふろあらぽ	y:ishitohoshi
アム	あむ	y:aivtuber-am-im
イム	いむ	y:aivtuber-am-im
AKA	あか	y:wukuowlen1850
笹風リン	ささかぜりん	y:sasakaze_rin
踊美ひなち	おどれみひなち	x:odoremihinachi
輝宮瑠璃	てるみやるり	y:aigebokutexaschainsaw
さくら	さくら	y:sakura_aivtuber
himiico	ひみこ	x:AItuber_himiico
マイラU-001	まいらうぜろぜろいち	x:maira_u_001
AIはきな	えーあいはきな	y:kinacoco555
AITuber_Akari	えーあいたばーあかり	x:akari_314159
Lise Sakura Lumiere	りーずさくらるみえーる	x:LiseSakuraEN
白耀結菜	はくようゆいな	y:hakuyouyuina
しいな	しいな	x:dob_417
芽吹なのは	めぶきなのは	c:UCr2s0yPB7oXywvmSg-jnYDQ
才羽リム	さいばりむ	y:saibarimu
水晶うらら	すいしょううらら	y:aituber-urara
高倉クリス	たかくらくりす	y:christakakura
龍咲アスカ	りゅうざきあすか	y:ryuzakiasuka
アシザワ・カモメ	あしざわかもめ	y:kamomeashizawa_ch
ナリキン。	なりきん	c:UCV2haJ-toIR5JKY3t5b1qUA
アイエル・シアーホワイト	あいえるしあーほわいと	y:aiel_mydear
キカイ	きかい	y:kikaiai
しげおくん	しげおくん	y:shigeo1111
ツナ	つな	y:ai_vtuber_tuna
夜羽魅零	よるはねみれい	y:yoruhamirei
すえ	すえ	y:suwe_t
フェウエラ	ふぇうえら	y:feuera1225
永藍レナ	えいあいれな	y:lena-ai
早見菜央	はやみなお	y:nao_aicast
朝日奈ライラ	あさひならいら	y:raira_aicast
月夜野アルマ	つきよのあるま	y:aruma_aicast
アイリーン	あいりーん	y:aimain_aicast
マイリーン	まいりーん	y:aimain_aicast
まめひなた	まめひなた	c:UCvPlZ--DyCxbvpLidH7KApw
りんなちゃん	りんなちゃん	y:ms_rinna
クエリ・レル	くえりれる	y:queryreluch
夢眠メア	ゆめみめあ	y:y_yurame
AIひより	えーあいひより	y:AIVtuberCh
AIゑるる	えーあいえるる	c:UCcn-ly0VCMNOtv-K59hfc1A
IZ	いず	t:iz_iz_song
一ノ瀬結衣	いちのせゆい	https://vili-eve.com
晴野ひろこ	はるのひろこ	x:haruhirokoTW
ミコ	みこ	https://miko.aituberonair.com/
AIひろゆき	えーあいひろゆき	y:AI_Hiroyuki
Lumi	るみ	y:siro_lab
Evil	いーびる	w:vedal987
音成みらね	ねなりみらね	c:UCLIE3ZrB5RSqnLnT7ReFJpw
Luna	るな	y:LunaxOniiChan
ヒナキ	ひなき	x:Hinaki_AuroraMt
Lumi Mage	るみめいじ	w:darkmage4vt
GEMu	げむ	x:GEMu_book
Stella Voyd	すてらゔぉいど	https://www.youtube.com/watch?v=16sFA6Sx77k
シロ	しろ	x:shiro_archive_
天野朱美	あまのあけみ	y:Amano_Akemi_AI
Ivy	あいびー	y:Project_Ivy
潮風うたか	しおかぜうたか	y:utaka-sea
詠識ラトア	えいしきらとあ	y:latoa.eishiki
翠葉りあ	すいばりあ	https://www.youtube.com/live/7HUlhx4f3bg
くらら	くらら	x:kurara_ai_news
